Stage,Mean_TP_psi,Breakdown_Pressure_psi,ISIP_psi,Top_MD_ft,Bottom_MD_ft
1,4454,3293.299262,3727.610807,11104,11275.5
2,5229,3532.411024,3727.610807,10904,11075.5
3,5005,3677.262587,3671.945595,10704,10875.5
4,4752,3689.81684,3370.512565,10504,10674
5,4129,4536.891059,3533.988759,10304,10474
6,3574,6695.930556,3602.373806,10104,10275.5
7,4030,3754.558594,3678.346723,9904,10075.5
8,4220,4154.267361,3483.262695,9704,9874
9,3968,4484.089844,3579.857075,9504,9674
10,3321,3483.637804,3750.786914,9304,9475.5
11,3870,4942.133247,3380.880339,9104,9275.5
12,3870,6239.994358,3559.741276,8904,9075.5
13,3870,4238.295139,3352.528776,8704,8875.5
14,3870,4972.539497,3712.509527,8504,8675.5
15,3870,5212.656684,3905.366124,8304,8475.5
16,3870,4945.723958,3523.358333,8104,8275.5
17,3870,4622.492622,3553.533268,7904,8075.5
18,3870,5267.644965,3595.852561,7704,7875.5
19,3870,5898.931424,3569.120746,7504,7675.5
20,3870,6127.734375,3546.256424,7304,7475.5
21,3870,4536.350694,3672.115083,7104,7275.5
22,3870,4498.62934,3477.277995,6904,7075.5
23,3870,4330.989583,3502.424501,6704,6875.5
24,3870,3468.598524,3533.910178,6504,6675.5
25,3870,4694.937934,3547.521766,6304,6475.5
26,3870,4542.367187,2970.143815,6104,6275.5
27,3870,4105.122396,3625.16161,5904,6075.5
